<?xml version="1.0"?>
<!--
/**
 * Copyright © 2015 Magento. All rights reserved.
 * See COPYING.txt for license details.
 */
-->
<config xmlns:xsi="http://www.w3.org/2001/XMLSchema-instance" xsi:noNamespaceSchemaLocation="urn:magento:framework:Module/etc/module.xsd">
    <module name="MGS_Fbuilder" setup_version="1.0.2" active="true">
		<sequence>
            <module name="Magento_Catalog"/>
            <module name="Magento_CatalogSearch"/>
            <module name="Magento_Cms"/>
            <module name="Magento_CatalogWidget"/>
        </sequence>
	</module>
</config>
